SMILES,Crippen_logp,NumHDonors,NumHAcceptors,NumRotatableBonds,TPSA,natoms,refractivity,HAS_PYR_H,HAS_MULTIPLE_PYR,HAS_FRAGMENTS,HAS_BAD_NITROGEN,MOL_WT,HAS_SULFONYL_HALIDE
O=S(=O)(Cl)c1cccc2cccnc12,2.1623,0,3,1,47.03,20,54.78180000000002,True,False,False,False,227.67200000000005,True
CS(=O)(=O)c1ccc(S(=O)(=O)Cl)cn1,0.4126000000000001,0,5,3,81.17,20,50.38560000000002,True,False,False,False,255.70400000000004,True
Cc1nc(-c2ccccc2)ccc1S(=O)(=O)Cl,2.9845200000000016,0,3,3,47.03,27,67.44880000000003,True,False,False,False,267.73699999999974,True
O=S(=O)(Cl)c1cncc2ccccc12,2.1623,0,3,1,47.03,20,54.78180000000002,True,False,False,False,227.67200000000005,True
COc1cccc(CS(=O)(=O)Cl)n1,1.1588,0,4,4,56.260000000000005,21,49.26580000000002,True,False,False,False,221.66500000000005,True
O=S(=O)(Cl)c1ccc(Cl)c2cccnc12,2.8157000000000005,0,3,1,47.03,20,59.79180000000001,True,False,False,False,262.1169999999999,True
O=C(O)c1nccc2c(S(=O)(=O)Cl)cccc12,1.8605,1,5,2,84.32999999999998,23,61.741100000000024,True,False,False,False,271.68099999999987,True
Cc1ccc(S(=O)(=O)Cl)c2ccncc12,2.47072,0,3,2,47.03,23,59.51880000000001,True,False,False,False,241.69900000000004,True
O=S(=O)(Cl)c1cccc2cnccc12,2.1623,0,3,1,47.03,20,54.78180000000002,True,False,False,False,227.67200000000005,True
O=S(=O)(Cl)c1cnc2ccc(Cl)cc2c1,2.8157000000000005,0,3,1,47.03,20,59.791800000000016,True,False,False,False,262.1169999999999,True
COC(=O)c1cncc(S(=O)(=O)Cl)c1,0.7957,0,5,3,73.33,20,48.61530000000002,True,False,False,False,235.64800000000005,True
O=S(=O)(Cl)c1ccc2nc(O)ccc2c1,1.8678999999999997,1,4,2,67.26,21,56.44660000000002,True,False,False,False,243.671,True
O=S(=O)(Cl)c1ccc(F)c2cccnc12,2.3014,0,3,1,47.03,20,54.73980000000002,True,False,False,False,245.662,True
Cc1ccc(S(=O)(=O)Cl)c2ncccc12,2.470720000000001,0,3,2,47.03,23,59.51880000000001,True,False,False,False,241.69900000000004,True
O=S(=O)(Cl)c1ccc(OC2CCC2)nc1,1.9404,0,4,3,56.260000000000005,25,55.54280000000002,True,False,False,False,247.7030000000001,True
Cc1ccc(S(=O)(=O)Cl)c2cccnc12,2.47072,0,3,2,47.03,23,59.51880000000001,True,False,False,False,241.69900000000004,True
O=S(=O)(Cl)c1ccc2ncccc2c1,2.1623,0,3,1,47.03,20,54.781800000000025,True,False,False,False,227.67200000000005,True
O=S(=O)(Cl)c1ccnc2ccccc12,2.1623,0,3,1,47.03,20,54.78180000000002,True,False,False,False,227.67200000000005,True
O=[N+]([O-])c1ncccc1OCCS(=O)(=O)Cl,0.9372,0,6,5,99.4,23,56.026200000000024,True,False,False,False,266.66199999999986,True
Cc1ccc2cccnc2c1S(=O)(=O)Cl,2.470720000000001,0,3,2,47.03,23,59.51880000000003,True,False,False,False,241.69900000000007,True
O=S(=O)(Cl)c1ccc2cc(Cl)nc(Cl)c2c1,3.469100000000001,0,3,1,47.03,20,64.8018,True,False,False,False,296.56199999999995,True
CC(C)(C)c1ccc(S(=O)(=O)Cl)nc1,2.3066000000000004,0,3,1,47.03,26,55.975800000000035,True,False,False,False,233.72000000000008,True
Cc1ccnc2c(S(=O)(=O)Cl)cccc12,2.470720000000001,0,3,2,47.03,23,59.51880000000003,True,False,False,False,241.69900000000004,True
O=c1ccc2cc(S(=O)(=O)Cl)ccc2[nH]1,1.4556,1,3,1,67.0,21,57.607500000000016,True,False,False,False,243.671,True
O=S(=O)(Cl)c1cnc2onc(-c3ccccc3)c2c1,2.8173000000000004,0,5,2,73.06,26,70.2788,True,False,False,False,294.7189999999999,True
O=S(=O)(Cl)C1CCCc2cccnc21,2.0276,0,3,1,47.03,24,54.68880000000002,True,False,False,False,231.7040000000001,True
O=S(=O)(Cl)c1ccc(OCC(F)(F)F)nc1,1.9501999999999995,0,4,3,56.260000000000005,21,48.8258,True,False,False,False,275.6349999999999,True
COc1ccnc2c(S(=O)(=O)Cl)cccc12,2.1709000000000005,0,4,3,56.26,24,61.333800000000025,True,False,False,False,257.698,True
O=S(=O)(Cl)c1c(F)ccc2cccnc12,2.3014,0,3,1,47.03,20,54.73980000000002,True,False,False,False,245.662,True
CC(c1ccccn1)S(=O)(=O)Cl,1.7112,0,3,3,47.03,20,47.42480000000002,True,False,False,False,205.66600000000005,True
O=c1ccc2ccc(S(=O)(=O)Cl)cc2[nH]1,1.4555999999999998,1,3,1,67.0,21,57.607500000000016,True,False,False,False,243.671,True
COC(=O)c1nc(Cl)ccc1S(=O)(=O)Cl,1.4491000000000005,0,5,3,73.33,20,53.62530000000002,True,False,False,False,270.0929999999999,True
O=S(=O)(Cl)c1ccnc2ccc(Cl)cc12,2.8157000000000005,0,3,1,47.03,20,59.79180000000001,True,False,False,False,262.1169999999999,True
O=S(=O)(Cl)c1cnn(-c2ccc(Cl)cn2)c1,1.8481999999999996,0,5,2,64.85,21,59.40780000000001,True,False,False,False,278.1199999999999,True
O=S(=O)(Cl)c1ccc(OCC2CCC2)nc1,2.1879999999999997,0,4,4,56.260000000000005,28,60.111800000000024,True,False,False,False,261.7299999999999,True
Cc1ccc2c(S(=O)(=O)Cl)c(C)ccc2n1,2.779140000000001,0,3,3,47.03,26,64.25580000000002,True,False,False,False,255.72600000000008,True
CCOc1ccc(S(=O)(=O)Cl)c2cccnc12,2.561,0,4,4,56.260000000000005,27,65.95080000000003,True,False,False,False,271.7249999999998,True
CCOc1ccc(S(=O)(=O)Cl)c2ncccc12,2.561000000000001,0,4,4,56.260000000000005,27,65.95080000000003,True,False,False,False,271.7249999999998,True
O=S(=O)(Cl)c1ccc2nc(Cl)ccc2c1,2.8157000000000005,0,3,1,47.03,20,59.791800000000016,True,False,False,False,262.1169999999999,True
O=S(=O)(Cl)c1c(Cl)ccc2c(Cl)ccnc12,3.469100000000001,0,3,1,47.03,20,64.80180000000001,True,False,False,False,296.56199999999995,True
Cc1cc(CS(=O)(=O)Cl)c2ccccc2n1,2.6118200000000007,0,3,3,47.03,26,64.95680000000003,True,False,False,False,255.72600000000008,True
CCc1ccc(S(=O)(=O)Cl)cn1,1.5715,0,3,3,47.03,20,46.65380000000002,True,False,False,False,205.66600000000005,True
Cn1c(=O)c2cc(S(=O)(=O)Cl)cnc2n(C)c1=O,-0.4402999999999999,0,7,3,91.03,26,65.2638,True,False,False,False,289.6999999999999,True
Cc1cc(O)nc2ccc(S(=O)(=O)Cl)cc12,2.1763199999999996,1,4,3,67.26,24,61.18360000000002,True,False,False,False,257.698,True
COc1ccc2nc(C)ccc2c1S(=O)(=O)Cl,2.4793200000000004,0,4,4,56.26,27,66.07080000000003,True,False,False,False,271.7249999999998,True
CCCOc1ccc(S(=O)(=O)Cl)c2cccnc12,2.951100000000001,0,4,5,56.260000000000005,30,70.56780000000003,True,False,False,False,285.7519999999998,True
O=S(=O)(Cl)c1ccc(O)c2ncccc12,1.8679,1,4,2,67.26,21,56.44660000000001,True,False,False,False,243.671,True
Cc1cc(C)c(C(C)S(=O)(=O)Cl)c(C)n1,2.636460000000002,0,3,6,47.03,29,61.63580000000003,True,False,False,False,247.7470000000001,True
O=S(=O)(Cl)c1cnc2ccc(F)cc2c1,2.3014,0,3,1,47.03,20,54.73980000000001,True,False,False,False,245.662,True
COC(=O)c1cc(S(=O)(=O)Cl)ccn1,0.7957,0,5,3,73.33000000000001,20,48.61530000000002,True,False,False,False,235.64800000000005,True
CCCc1sc2ncccc2c1S(=O)(=O)Cl,3.176300000000002,0,4,4,47.03,26,66.65380000000003,True,False,False,False,275.7819999999998,True
CC(C)(C)Oc1ccc(S(=O)(=O)Cl)cn1,2.1864,0,4,2,56.260000000000005,27,57.65680000000003,True,False,False,False,249.71900000000008,True
Cc1cc2c(S(=O)(=O)Cl)cccc2cn1,2.47072,0,3,2,47.03,23,59.51880000000002,True,False,False,False,241.69900000000004,True
Cc1nn(C)c2ncc(S(=O)(=O)Cl)cc12,1.20422,0,5,3,64.85,23,56.28480000000003,True,False,False,False,245.6910000000001,True
Cc1cc(=O)[nH]c2ccc(S(=O)(=O)Cl)cc12,1.76402,1,3,2,67.0,24,62.344500000000025,True,False,False,False,257.698,True
O=S(=O)(Cl)c1cccc2cncc(Cl)c12,2.8157000000000005,0,3,1,47.03,20,59.79180000000001,True,False,False,False,262.1169999999999,True
Cc1cncc2cccc(S(=O)(=O)Cl)c12,2.470720000000001,0,3,2,47.03,23,59.51880000000003,True,False,False,False,241.69900000000004,True
Cc1ccc2ncc(S(=O)(=O)Cl)cc2c1,2.47072,0,3,2,47.03,23,59.51880000000002,True,False,False,False,241.69900000000004,True
COC(=O)c1ccc(S(=O)(=O)Cl)cn1,0.7957000000000001,0,5,3,73.33000000000001,20,48.61530000000002,True,False,False,False,235.64800000000005,True
Cc1ccc2cccc(S(=O)(=O)Cl)c2n1,2.470720000000001,0,3,2,47.03,23,59.51880000000003,True,False,False,False,241.69900000000004,True
COc1ccc(S(=O)(=O)Cl)c(C(F)(F)F)n1,2.0365,0,4,3,56.260000000000005,21,48.829800000000006,True,False,False,False,275.6349999999999,True
COc1ccc(S(=O)(=O)Cl)c(C)n1,1.32612,0,4,4,56.260000000000005,21,48.56480000000002,True,False,False,False,221.66500000000005,True
COc1ccc(S(=O)(=O)Cl)c2ncccc12,2.1708999999999996,0,4,3,56.260000000000005,24,61.333800000000025,True,False,False,False,257.698,True
Cc1sc2ncccc2c1S(=O)(=O)Cl,2.5322200000000015,0,4,2,47.03,20,57.39580000000002,True,False,False,False,247.72800000000004,True
CN1CCOc2cc(S(=O)(=O)Cl)cnc21,0.8377000000000001,0,5,2,59.5,24,56.040800000000026,True,False,False,False,248.6910000000001,True
Cc1ccc(CS(=O)(=O)Cl)nc1,1.45862,0,3,3,47.03,20,47.450800000000015,True,False,False,False,205.66600000000005,True
CCc1noc2ncc(S(=O)(=O)Cl)cc12,1.7127,0,5,3,73.06,22,54.220800000000025,True,False,False,False,246.67500000000004,True
O=S(=O)(Cl)c1cccnc1N1CCOCC1,0.8457,0,5,2,59.5,27,60.30780000000003,True,False,False,False,262.7179999999999,True
O=S(=O)(Cl)c1cc2ccccc2cn1,2.1623,0,3,1,47.03,20,54.78180000000001,True,False,False,False,227.67200000000005,True
O=c1[nH]c(=O)c2cc(S(=O)(=O)Cl)cnc2[nH]1,-0.4610999999999998,2,5,1,112.75,20,56.0232,True,False,False,False,261.6459999999999,True
CC(C)COc1ccc(S(=O)(=O)Cl)c2cccnc12,3.1971000000000016,0,4,6,56.260000000000005,33,75.11480000000003,True,False,False,False,299.7789999999997,True
CCCCOc1ccc(S(=O)(=O)Cl)c2cccnc12,3.3412000000000015,0,4,6,56.260000000000005,33,75.18480000000004,True,False,False,False,299.7789999999997,True
Cc1ccnc(C)c1S(=O)(=O)Cl,1.6259400000000002,0,3,3,47.03,20,46.74980000000002,True,False,False,False,205.66600000000005,True
O=[N+]([O-])c1ccc(S(=O)(=O)Cl)c2ncccc12,2.0705,0,5,2,90.17,22,61.436200000000014,True,False,False,False,272.66899999999987,True
CCc1cc2cc(S(=O)(=O)Cl)ccc2[nH]c1=O,2.018,1,3,3,67.0,27,66.98550000000002,True,False,False,False,271.7249999999998,True
O=S(=O)(Cl)c1ccc(OC2CCCC2)nc1,2.3305000000000007,0,4,3,56.260000000000005,28,60.159800000000025,True,False,False,False,261.7299999999999,True
Cc1cncc2c(S(=O)(=O)Cl)cccc12,2.470720000000001,0,3,2,47.03,23,59.51880000000003,True,False,False,False,241.69900000000004,True
Cc1ccc2nc(S(=O)(=O)Cl)nn2c1,0.96522,0,5,2,64.33,20,50.76280000000001,True,False,False,False,231.66400000000004,True
Cc1c(S(=O)(=O)Cl)cnn1-c1ccccn1,1.50322,0,5,3,64.85,24,59.13480000000003,True,False,False,False,257.702,True
CCOc1ccncc1S(=O)(=O)Cl,1.4078,0,4,4,56.26,21,48.44480000000002,True,False,False,False,221.66500000000005,True
O=C(c1cccnc1S(=O)(=O)Cl)N1CCCCC1,1.6352,0,4,2,67.33999999999999,31,67.03030000000003,True,False,False,False,288.75599999999974,True
O=C(c1cccnc1S(=O)(=O)Cl)N1CCCC1,1.2451,0,4,2,67.33999999999999,28,62.41330000000003,True,False,False,False,274.72899999999976,True
Cc1nc(C(F)(F)F)ccc1S(=O)(=O)Cl,2.3363200000000006,0,3,2,47.03,20,47.01480000000002,True,False,False,False,259.63599999999997,True
O=S(=O)(Cl)c1ccc2ccncc2c1,2.1623,0,3,1,47.03,20,54.78180000000001,True,False,False,False,227.67200000000005,True
COC(=O)c1cc(S(=O)(=O)Cl)cnc1Cl,1.4490999999999998,0,5,3,73.33000000000001,20,53.62530000000002,True,False,False,False,270.0929999999999,True
O=S(=O)(Cl)c1cnoc1-c1cccnc1,1.6640999999999997,0,5,2,73.06,20,52.77280000000001,True,False,False,False,244.659,True
COc1cc2ccc(Cl)nc2cc1S(=O)(=O)Cl,2.824300000000001,0,4,3,56.26,24,66.34380000000002,True,False,False,False,292.14299999999986,True
O=S(=O)(Cl)Cc1cc2ccccc2nc1O,2.009,1,4,3,67.26,24,61.88460000000003,True,False,False,False,257.698,True
O=S(=O)(Cl)c1cccnc1N1CCc2ccccc21,2.703300000000002,0,4,2,50.27,30,74.42780000000003,True,False,False,False,294.7629999999998,True
Cc1cc(C)c2c(S(=O)(=O)Cl)n[nH]c2n1,1.5022399999999998,1,4,3,75.71000000000001,23,56.40150000000001,True,False,False,False,245.6910000000001,True
O=C(c1ccncc1)c1cccc(S(=O)(=O)Cl)c1,2.2401,0,4,3,64.1,26,67.15030000000003,True,False,False,False,281.71999999999986,True
O=S(=O)(Cl)CCCOc1cccnc1,1.4191,0,4,5,56.260000000000005,24,53.988800000000026,True,False,False,False,235.6920000000001,True
Cc1cc(C)c(S(=O)(=O)Cl)c(Cl)n1,2.2793400000000004,0,3,3,47.03,20,51.75980000000002,True,False,False,False,240.11100000000005,True
Cc1nn(Cc2ccccn2)c(C)c1S(=O)(=O)Cl,1.87074,0,5,5,64.85,30,68.07880000000003,True,False,False,False,285.75599999999974,True
O=S(=O)(Cl)c1ccc(F)c2ncccc12,2.3014,0,3,1,47.03,20,54.73980000000002,True,False,False,False,245.662,True
O=S(=O)(Cl)c1cnc2onc(C3CC3)c2c1,2.0277,0,5,2,73.06,23,56.81780000000001,True,False,False,False,258.686,True
COC(=O)c1ncccc1S(=O)(=O)Cl,0.7957000000000001,0,5,3,73.33,20,48.61530000000002,True,False,False,False,235.64800000000005,True
O=C(c1ccc[n+]([O-])c1S(=O)(=O)Cl)N1CCCC1,0.4834999999999998,0,4,2,81.39,29,63.57830000000003,True,False,False,False,290.7279999999998,True
Cc1cc(C)c(S(=O)(=O)Cl)cn1,1.6259400000000002,0,3,3,47.03,20,46.74980000000002,True,False,False,False,205.66600000000005,True
CN(C)C(=O)c1ccc[n+]([O-])c1S(=O)(=O)Cl,-0.0506999999999995,0,4,4,81.38999999999999,25,56.45830000000003,True,False,False,False,264.6899999999998,True
Cc1cc(C)c2cccnc2c1S(=O)(=O)Cl,2.779140000000001,0,3,3,47.03,26,64.25580000000004,True,False,False,False,255.72600000000008,True
COc1ncc(C)cc1S(=O)(=O)Cl,1.32612,0,4,4,56.26,21,48.56480000000002,True,False,False,False,221.66500000000005,True
O=S(=O)(Cl)CCOc1cncc(Cl)c1,1.6824,0,4,4,56.260000000000005,21,54.38180000000002,True,False,False,False,256.11,True
O=S(=O)(Cl)c1cccnc1OCC(F)F,1.653,0,4,4,56.260000000000005,21,48.77480000000001,True,False,False,False,257.645,True
O=S(=O)(Cl)c1cnn(-c2cccnc2)c1,1.1948,0,5,2,64.85,21,54.39780000000001,True,False,False,False,243.67500000000004,True
Cc1ccn2nc(S(=O)(=O)Cl)nc2c1,0.96522,0,5,2,64.33000000000001,20,50.76280000000002,True,False,False,False,231.66400000000004,True
O=S(=O)(Cl)Cc1ccc(C(F)(F)F)nc1,2.1690000000000005,0,3,2,47.03,20,47.7158,True,False,False,False,259.6359999999999,True
COc1ccc2cc(S(=O)(=O)Cl)ccc2n1,2.1709000000000005,0,4,3,56.260000000000005,24,61.333800000000025,True,False,False,False,257.698,True
O=S(=O)(Cl)c1cc(Cl)cc2cccnc12,2.8157000000000005,0,3,1,47.03,20,59.79180000000001,True,False,False,False,262.1169999999999,True
COC(=O)c1cc(S(=O)(=O)Cl)c2ncccc2c1,1.9489,0,5,3,73.33000000000001,26,66.12130000000002,True,False,False,False,285.70799999999986,True
O=S(=O)(Cl)c1ccc(Cl)c2ncccc12,2.8157000000000005,0,3,1,47.03,20,59.79180000000001,True,False,False,False,262.1169999999999,True
O=S(=O)(Cl)c1cccc2c(Cl)nccc12,2.8157000000000005,0,3,1,47.03,20,59.79180000000001,True,False,False,False,262.1169999999999,True
O=S(=O)(Cl)CCc1cccnc1,1.1927,0,3,3,47.03,20,47.58080000000002,True,False,False,False,205.66600000000005,True
CN(C)c1ncccc1S(=O)(=O)Cl,1.0751,0,4,4,50.27,22,51.60280000000002,True,False,False,False,220.68100000000007,True
O=S(=O)(Cl)c1cccc2cncc(F)c12,2.3014,0,3,1,47.03,20,54.7398,True,False,False,False,245.662,True
Cc1cc(C)c(S(=O)(=O)Cl)c(C)n1,1.93436,0,3,4,47.03,23,51.486800000000024,True,False,False,False,219.69300000000007,True
CCOC(=O)c1cccnc1S(=O)(=O)Cl,1.1858000000000002,0,5,4,73.33,23,53.23230000000002,True,False,False,False,249.67500000000004,True
O=C(c1cccnc1S(=O)(=O)Cl)N1CCOCC1,0.4814999999999999,0,5,2,76.57,29,63.99830000000003,True,False,False,False,290.7279999999998,True
O=S(=O)(Cl)CCOCCOc1cccnc1,1.0456,0,5,7,65.49000000000001,28,60.19080000000003,True,False,False,False,265.7179999999998,True
Cc1cnc2c(S(=O)(=O)Cl)cccc2c1,2.47072,0,3,2,47.03,23,59.51880000000002,True,False,False,False,241.69900000000004,True
CCOC(=O)c1ccncc1S(=O)(=O)Cl,1.1858,0,5,4,73.33,23,53.23230000000002,True,False,False,False,249.67500000000007,True
O=S(=O)(Cl)c1cccc2c(Cl)nc(Cl)cc12,3.469100000000001,0,3,1,47.03,20,64.80180000000001,True,False,False,False,296.56199999999995,True
O=S(=O)(Cl)c1ccc(-c2ccccn2)s1,2.7376000000000005,0,4,2,47.03,21,60.58880000000002,True,False,False,False,259.7389999999999,True
O=S(=O)(Cl)c1ccc2c(Cl)nccc2c1,2.8157000000000005,0,3,1,47.03,20,59.791800000000016,True,False,False,False,262.1169999999999,True
CCOc1ccc(S(=O)(=O)Cl)cn1,1.4078,0,4,4,56.260000000000005,21,48.44480000000002,True,False,False,False,221.66500000000005,True
O=S(=O)(Cl)c1cnc2c(c1)COCC2,1.0818,0,4,1,56.260000000000005,22,50.63580000000002,True,False,False,False,233.67600000000004,True
O=S(=O)(Cl)c1cnc2c(Cl)cccc2c1,2.8157000000000005,0,3,1,47.03,20,59.791800000000016,True,False,False,False,262.1169999999999,True
CCc1sc2ncccc2c1S(=O)(=O)Cl,2.786200000000002,0,4,3,47.03,23,62.03680000000003,True,False,False,False,261.7549999999999,True
O=S(=O)(Cl)c1cccnc1OCCO,0.3802,1,5,5,76.49000000000001,22,49.85660000000002,True,False,False,False,237.66400000000004,True
CN(C)C(=O)c1cccnc1S(=O)(=O)Cl,0.7109000000000001,0,4,4,67.34,24,55.29330000000003,True,False,False,False,248.6910000000001,True
CCc1ccc(CS(=O)(=O)Cl)nc1,1.7126,0,3,4,47.03,23,52.09180000000002,True,False,False,False,219.69300000000007,True
O=C(O)c1cc(S(=O)(=O)Cl)c2ncccc2c1,1.8605,1,5,2,84.33,23,61.74110000000002,True,False,False,False,271.68099999999987,True
O=C1COc2cc(S(=O)(=O)Cl)cnc2N1,0.3399999999999998,1,5,1,85.36000000000001,20,51.40050000000001,True,False,False,False,248.64700000000005,True
Cc1cc(S(=O)(=O)Cl)c2cccnc2c1C,2.779140000000001,0,3,3,47.03,26,64.25580000000002,True,False,False,False,255.72600000000008,True
CC(C)c1nc(Cl)c(Cl)cc1S(=O)(=O)Cl,3.439300000000002,0,3,4,47.03,23,61.38480000000003,True,False,False,False,288.58299999999986,True
COc1ccc2nc(Cl)ccc2c1S(=O)(=O)Cl,2.824300000000001,0,4,3,56.26,24,66.34380000000003,True,False,False,False,292.14299999999986,True
O=S(=O)(Cl)c1ccc2cccnc2c1,2.1623,0,3,1,47.03,20,54.78180000000001,True,False,False,False,227.67200000000005,True
CCOc1ncccc1S(=O)(=O)Cl,1.4078,0,4,4,56.26,21,48.44480000000002,True,False,False,False,221.66500000000005,True
Cc1ccnc(-n2cc(S(=O)(=O)Cl)cn2)c1,1.50322,0,5,3,64.85,24,59.13480000000003,True,False,False,False,257.702,True
O=c1c2ccccc2ccn1CCS(=O)(=O)F,1.3008,0,4,3,56.14,27,63.10280000000002,True,False,False,False,255.27000000000004,True
CC(C)Oc1cncc(S(=O)(=O)Cl)c1,1.7963,0,4,5,56.26,24,53.03980000000003,True,False,False,False,235.6920000000001,True
Cn1c(=O)[nH]c(=O)c2cc(S(=O)(=O)Cl)cnc21,-0.4507000000000005,1,6,2,101.89,23,60.64350000000002,True,False,False,False,275.6729999999999,True
COC(=O)c1cnc(Cl)c(S(=O)(=O)Cl)c1,1.4491,0,5,3,73.33,20,53.62530000000002,True,False,False,False,270.0929999999999,True
CC(C)Oc1ccc(S(=O)(=O)Cl)c2cccnc12,2.9495000000000013,0,4,5,56.260000000000005,30,70.54580000000003,True,False,False,False,285.7519999999998,True
O=S(=O)(Cl)c1ccc2ccnc(Cl)c2c1,2.8157000000000005,0,3,1,47.03,20,59.791800000000016,True,False,False,False,262.1169999999999,True
O=S(=O)(Cl)c1ccc2c(Cl)cnc(Cl)c2c1,3.469100000000001,0,3,1,47.03,20,64.80180000000001,True,False,False,False,296.56199999999995,True
O=S(=O)(Cl)C(c1ccccc1)c1ccccn1,2.739600000000001,0,3,3,47.03,27,67.29480000000002,True,False,False,False,267.73699999999974,True
COc1ccc(CS(=O)(=O)Cl)cn1,1.1588,0,4,4,56.260000000000005,21,49.26580000000002,True,False,False,False,221.66500000000005,True
O=S(=O)(Cl)c1cccnc1OCc1ccccc1,2.5881000000000007,0,4,4,56.260000000000005,28,68.04980000000003,True,False,False,False,283.7359999999998,True
O=S(=O)(Cl)c1cccnc1N1CCCC1,1.6093,0,4,2,50.27,26,58.72280000000003,True,False,False,False,246.71900000000008,True
O=S(=O)(Cl)c1ccc2c(Cl)cnc(O)c2c1,2.5213,1,4,2,67.26,21,61.45660000000002,True,False,False,False,278.11599999999993,True
O=S(=O)(Cl)c1ccc(Oc2ccccc2)nc1,2.8014,0,4,3,56.260000000000005,25,63.79180000000002,True,False,False,False,269.70899999999983,True
CCOC(=O)c1cccnc1S(=O)(=O)F,0.9165,0,5,4,73.33,23,48.48730000000002,True,False,False,False,233.22000000000003,True
O=C1c2cccnc2C(=O)N1CCS(=O)(=O)Cl,0.2461999999999999,0,5,3,84.41,24,59.243800000000014,True,False,False,False,274.6849999999999,True
O=S(=O)(Cl)c1cccnc1OCC(F)(F)F,1.9502,0,4,3,56.260000000000005,21,48.82580000000001,True,False,False,False,275.6349999999999,True
O=S(=O)(Cl)c1ccc(Cl)c2cnccc12,2.8157000000000005,0,3,1,47.03,20,59.79180000000001,True,False,False,False,262.1169999999999,True
COC(=O)c1cccnc1S(=O)(=O)Cl,0.7957,0,5,3,73.33,20,48.61530000000002,True,False,False,False,235.64800000000005,True
O=S(=O)(Cl)c1cc2ccc(Cl)nc2cc1F,2.9548000000000005,0,3,1,47.03,20,59.7498,True,False,False,False,280.1069999999999,True
CC(C)Cc1sc2ncccc2c1S(=O)(=O)Cl,3.4223000000000026,0,4,5,47.03,29,71.20080000000003,True,False,False,False,289.80899999999974,True
O=c1c2cnccc2ncn1CCCS(=O)(=O)Cl,0.7502,0,6,4,81.91999999999999,28,68.05480000000003,True,False,False,False,287.72799999999984,True
Cc1ccc(S(=O)(=O)Cl)c(C)n1,1.6259400000000002,0,3,3,47.03,20,46.749800000000015,True,False,False,False,205.66600000000005,True
O=[N+]([O-])c1c(S(=O)(=O)Cl)ccc2ncccc12,2.0705,0,5,2,90.17,22,61.436200000000014,True,False,False,False,272.66899999999987,True
CC(C)Oc1ccc(S(=O)(=O)Cl)cn1,1.7963,0,4,5,56.260000000000005,24,53.03980000000003,True,False,False,False,235.6920000000001,True
CCS(=O)(=O)c1ncccc1S(=O)(=O)Cl,0.8027000000000002,0,5,4,81.16999999999999,23,55.00260000000003,True,False,False,False,269.7309999999998,True
O=S(=O)(Cl)c1nccc2ccccc12,2.1623,0,3,1,47.03,20,54.78180000000002,True,False,False,False,227.67200000000005,True
CCC(C)Oc1ccc(S(=O)(=O)Cl)c2cccnc12,3.3396000000000017,0,4,6,56.260000000000005,33,75.16280000000003,True,False,False,False,299.7789999999997,True
O=S(=O)(Cl)c1cnc2ccccc2c1,2.1623,0,3,1,47.03,20,54.78180000000001,True,False,False,False,227.67200000000005,True
O=S(=O)(Cl)c1ccc(-c2ccccc2)nc1,2.676100000000001,0,3,2,47.03,24,62.711800000000025,True,False,False,False,253.71000000000004,True
O=S(=O)(Cl)C1CCc2cccnc21,1.6375,0,3,1,47.03,21,50.07180000000002,True,False,False,False,217.67700000000005,True
O=S(=O)(Cl)c1cnc2ccccc2c1Cl,2.8157000000000014,0,3,1,47.03,20,59.79180000000001,True,False,False,False,262.1169999999999,True
CCOC(=O)c1ccc(S(=O)(=O)Cl)nc1,1.1858000000000002,0,5,4,73.33000000000001,23,53.23230000000002,True,False,False,False,249.67500000000004,True
Cn1ncc2cc(S(=O)(=O)Cl)cnc21,0.8957999999999999,0,5,2,64.85,20,51.547800000000024,True,False,False,False,231.66400000000004,True
O=S(=O)(Cl)C(c1ccccc1)c1ccncc1,2.739600000000001,0,3,3,47.03,27,67.29480000000002,True,False,False,False,267.7369999999998,True
O=S(=O)(Cl)CCCCCOc1cccnc1,2.1993,0,4,7,56.260000000000005,30,63.222800000000035,True,False,False,False,263.74599999999987,True
O=S(=O)(Cl)c1cccc2cc(F)cnc12,2.3014,0,3,1,47.03,20,54.7398,True,False,False,False,245.662,True
Cc1cc(S(=O)(=O)Cl)c2ncccc2c1,2.47072,0,3,2,47.03,23,59.51880000000002,True,False,False,False,241.69900000000004,True
O=S(=O)(Cl)c1ccc2ccccc2n1,2.1623,0,3,1,47.03,20,54.78180000000002,True,False,False,False,227.67200000000005,True
O=S(=O)(Cl)c1cnn(-c2ccccn2)c1,1.1948,0,5,2,64.85,21,54.39780000000001,True,False,False,False,243.67500000000004,True
O=S(=O)(Cl)c1ccc(N2CCOCC2)nc1,0.8457,0,5,2,59.5,27,60.30780000000003,True,False,False,False,262.7179999999999,True
O=C(c1cccc(S(=O)(=O)Cl)c1)c1ccccn1,2.2401,0,4,3,64.1,26,67.15030000000002,True,False,False,False,281.7199999999998,True
CC(COc1cncc(Cl)c1)CS(=O)(=O)Cl,2.3185,0,4,6,56.26,27,63.545800000000035,True,False,False,False,284.1639999999998,True
CN(C)c1ccc(S(=O)(=O)Cl)cn1,1.0751,0,4,4,50.27,22,51.60280000000002,True,False,False,False,220.68100000000007,True
O=C(O)c1c[nH]c2ccc(S(=O)(=O)Cl)cc2c1=O,1.1538,2,5,2,104.29999999999998,24,64.5668,True,False,False,False,287.6799999999999,True
Cc1ccc2ncccc2c1S(=O)(=O)Cl,2.470720000000001,0,3,2,47.03,23,59.51880000000003,True,False,False,False,241.69900000000007,True
CCCCOc1ncccc1S(=O)(=O)Cl,2.1879999999999997,0,4,6,56.26,27,57.67880000000004,True,False,False,False,249.7190000000001,True
COC(=O)c1ccncc1S(=O)(=O)Cl,0.7957,0,5,3,73.33,20,48.61530000000002,True,False,False,False,235.64800000000005,True
O=S(=O)(Cl)c1cccc2ncccc12,2.1623,0,3,1,47.03,20,54.78180000000002,True,False,False,False,227.67200000000005,True
O=S(=O)(Cl)c1cccc2ccc(Cl)nc12,2.8157000000000005,0,3,1,47.03,20,59.79180000000001,True,False,False,False,262.1169999999999,True
Cc1nn(-c2ccccn2)c(C)c1S(=O)(=O)Cl,1.81164,0,5,4,64.85,27,63.87180000000003,True,False,False,False,271.7289999999998,True
O=S(=O)(Cl)CCOc1cccnc1,1.029,0,4,4,56.260000000000005,21,49.37180000000002,True,False,False,False,221.66500000000005,True
COc1ccc(S(=O)(=O)Cl)c2cccnc12,2.1708999999999996,0,4,3,56.260000000000005,24,61.333800000000025,True,False,False,False,257.698,True
COC(=O)c1nccc2c(S(=O)(=O)Cl)cccc12,1.9489,0,5,3,73.33,26,66.12130000000003,True,False,False,False,285.70799999999986,True
Cc1cc(S(=O)(=O)Cl)cc(C)n1,1.6259400000000002,0,3,3,47.03,20,46.749800000000015,True,False,False,False,205.66600000000005,True
O=C(Nc1ccc(S(=O)(=O)Cl)cc1)c1ccncc1,2.2614,1,4,3,76.13,28,71.67100000000002,True,False,False,False,296.73499999999984,True
O=S(=O)(Cl)c1cc(F)cc2cccnc12,2.3014,0,3,1,47.03,20,54.73980000000002,True,False,False,False,245.662,True
CS(=O)(=O)c1ncccc1S(=O)(=O)Cl,0.4126000000000001,0,5,3,81.16999999999999,20,50.385600000000025,True,False,False,False,255.7040000000001,True
CCOc1nccc(S(=O)(=O)Cl)c1F,1.5469,0,4,4,56.26,21,48.40280000000001,True,False,False,False,239.65500000000003,True
O=S(=O)(Cl)c1ccc2cnccc2c1,2.1623,0,3,1,47.03,20,54.781800000000025,True,False,False,False,227.67200000000005,True
